Artist,Sex,Country,Langugage,Primary Genre, Artist Type,Total Streams (in millions),Lead Streams (in millions),Feature Streams (in millions),Solo Streams (in millions)
Drake,Male,Canada,English,Hip-Hop,Solo,137492.1,94851.1,42640.9,53323.9
Taylor Swift,Female,United States,English,Pop,Solo,127861.0,126177.3,1683.8,113421.5
Bad Bunny,Male,United States,Spanish,Reggaeton,Solo,125899.8,82189.3,43710.5,48887.0
The Weeknd,Male,Canada,English,R&B,Solo,95703.2,77189.4,18513.8,51020.0
Justin Bieber,Male,Canada,English,Pop,Solo,78104.4,48316.2,29788.2,29638.3
Ariana Grande,Female,United States,English,Pop,Solo,68298.9,57097.5,11201.4,41615.5
Travis Scott,Male,United States,English,Hip-Hop,Solo,65349.7,35338.7,30027.0,25309.9
Kanye West,Male,United States,English,Hip-Hop,Solo,65142.9,46558.4,18584.5,28473.0
Ed Sheeran,Male,United Kingdom,English,Pop,Solo,64656.9,57704.0,6967.8,46700.0
Eminem,Male,United States,English,Hip-Hop,Solo,64549.0,54466.8,10100.7,32940.0
Rihanna,Female,Barbados,English,Pop,Solo,60670.7,44824.4,15846.4,30261.8
Billie Eilish,Female,United States,English,Pop,Solo,58049.5,57160.1,889.4,51567.9
Bruno Mars,Male,United States,English,Pop,Solo,56727.1,40714.0,16013.1,33618.1
Kendrick Lamar,Male,United States,English,Hip-Hop,Solo,56459.5,40752.2,15725.0,23403.5
Post Malone,Male,United States,English,Pop,Solo,55028.3,48805.6,6235.6,25419.4
J Balvin,Male,Colombia,Spanish,Reggaeton,Solo,54649.2,25333.3,29334.0,7844.5
Future,Male,United States,English,Hip-Hop,Solo,53951.5,27879.0,26072.5,12647.5
BTS,Male,South Korea,Korean,K-Pop,Group,53308.9,47969.9,5339.0,44114.4
Ozuna,Male,United States,Spanish,Reggaeton,Solo,47649.2,20247.1,27418.9,8621.1
Coldplay,Male,United Kingdom,English,Rock,Group,46720.4,42837.1,3901.3,38535.2
Juice WRLD,Male,United States,English,Hip-Hop,Solo,46276.4,34132.1,12155.1,26675.7
Chris Brown,Male,United States,English,R&B,Solo,43963.8,24455.7,19523.9,12219.3
Nicki Minaj,Female,Trinidad and Tobago,English,Hip-Hop,Solo,43330.3,16316.4,27027.9,9618.2
Lana Del Rey,Female,United States,English,Alternative,Solo,42464.1,38477.3,3986.8,34578.4
David Guetta,Male,France,English,EDM,Solo,42059.5,30750.8,11325.3,406.8
Dua Lipa,Female,United Kingdom,English,Pop,Solo,41944.1,28269.7,13687.6,23133.7
Daddy Yankee,Male,United States,Spanish,Reggaeton,Solo,41405.4,19772.1,21650.0,10692.8
Rauw Alejandro,Male,United States,Spanish,Reggaeton,Solo,40738.6,24898.0,15857.7,10432.5
Anuel AA,Male,United States,Spanish,Reggaeton,Solo,40453.3,18355.6,22118.9,6177.0
XXXTENTACION,Male,United States,English,Hip-Hop,Solo,40411.3,34419.9,5998.9,28138.4
Imagine Dragons,Male,United States,English,Rock,Group,40279.5,38006.7,2283.2,33880.4
Lil Wayne,Male,United States,English,Hip-Hop,Solo,40148.2,15870.4,24279.9,4050.9
21 Savage,Male,United Kingdom,English,Hip-Hop,Solo,39024.3,15878.0,23155.6,7883.1
SZA,Female,United States,English,R&B,Solo,38879.6,25267.5,13627.2,19804.6
Arijit Singh,Male,India,Hindi,Filmi,Solo,37687.8,13330.4,24384.8,4537.4
Lady Gaga,Female,United States,English,Pop,Solo,37565.4,37009.7,572.0,23546.2
KAROL G,Female,Colombia,Spanish,Reggaeton,Solo,37549.7,29603.8,7961.5,14790.4
Lil Baby,Male,United States,English,Hip-Hop,Solo,35931.9,18773.5,17171.5,8928.8
Maroon 5,Mixed,United States,English,Pop,Group,35794.1,35585.8,222.6,23312.5
Khalid,Male,United States,English,R&B,Solo,35727.2,18499.9,17234.4,12520.6
Beyoncé,Female,United States,English,Pop,Solo,34975.2,29662.8,5325.3,21863.9
Maluma,Male,Colombia,Spanish,Latin,Solo,34841.0,19449.8,15404.7,11616.3
Feid,Male,Colombia,Spanish,Reggaeton,Solo,34579.1,18725.6,15774.1,9877.3
Calvin Harris,Male,Scotland,English,EDM,Solo,34129.7,31846.0,2298.3,5998.8
Myke Towers,Male,United States,Spanish,Reggaeton,Solo,33620.7,14022.5,19614.7,9406.6
Linkin Park,Mixed,United States,English,Rock,Group,33224.7,31426.6,1798.1,30151.2
Peso Pluma,Male,Mexico,Spanish,Regional Mexican,Solo,33179.8,18699.1,14501.2,3938.3
J. Cole,Male,United States,English,Hip-Hop,Solo,32200.9,24334.7,7876.1,18999.5
Lil Uzi Vert,Male,United States,English,Hip-Hop,Solo,32115.9,21117.5,11006.6,16803.2
Sia,Female,Australia,English,Pop,Solo,31642.1,21063.2,10588.2,15741.1
Doja Cat,Female,United States,English,Pop,Solo,31214.3,25574.2,5650.9,18797.1
Shakira,Female,Colombia,Spanish,Latin,Solo,31212.4,24041.0,7171.5,11661.1
Morgan Wallen,Male,United States,English,Country,Solo,31171.1,26589.9,4600.4,23825.8
Young Thug,Male,United States,English,Hip-Hop,Solo,30933.8,10464.2,20472.3,2792.1
Farruko,Male,United States,Spanish,Reggaeton,Solo,29775.3,8548.7,21237.2,4615.9
Shawn Mendes,Male,Canada,English,Pop,Solo,29471.1,28781.0,699.0,22074.9
Harry Styles,Male,United Kingdom,English,Pop,Solo,29449.0,29462.8,,29449.0
Queen,Male,United Kingdom,English,Rock,Group,29370.0,29307.6,70.8,26931.7
Sam Smith,Male,United Kingdom,English,Pop,Solo,29197.2,24125.8,5078.3,17995.2
One Direction,Mixed,United Kingdom,English,Pop,Group,28889.5,28898.2,,28801.9
Metro Boomin,Male,United States,English,Hip-Hop,Solo,28848.7,13945.2,14911.9,119.7
Olivia Rodrigo,Female,United States,English,Pop,Solo,28799.7,28797.6,2.2,26750.5
Adele,Female,United Kingdom,English,Pop,Solo,28690.5,28699.5,,28537.7
Pritam,Male,India,Hindi,Pop,Solo,28543.9,25181.4,3362.5,11.7
Katy Perry,Female,United States,English,Pop,Solo,28248.0,25287.5,2977.8,19629.7
Gunna,Male,United States,English,Hip-Hop,Solo,28195.8,12491.3,15715.6,7949.8
Arctic Monkeys,Male,United Kingdom,English,Rock,Group,28155.4,28166.2,,28130.4
Fuerza Regida,Male,United States,Spanish,Latin,Group,27466.8,19814.7,7652.1,11576.2
Junior H,Male,Mexico,Spanish,Regional Mexican,Solo,27406.8,18341.2,9084.4,13658.7
"Tyler, The Creator",Male,United States,English,Hip-Hop,Solo,27125.8,23925.9,3208.7,11656.5
Selena Gomez,Female,United States,English,Pop,Solo,26895.1,16017.5,10884.4,10921.5
Ty Dolla $ign,Male,United States,English,R&B,Solo,26465.2,5073.8,21394.8,318.4
The Beatles,Male,United Kingdom,English,Rock,Group,26130.5,26138.7,2.2,26123.0
Pitbull,Male,United States,English,Pop,Solo,25875.8,18250.9,7641.0,2321.7
Nicky Jam,Male,United States,Spanish,Reggaeton,Solo,25875.4,11175.4,14672.0,2972.5
Playboi Carti,Male,United States,English,Hip-Hop,Solo,25818.4,15382.2,10446.9,10109.8
Halsey,Female,United States,English,Pop,Solo,25687.5,13902.2,11792.3,12376.1
Wiz Khalifa,Male,United States,English,Hip-Hop,Solo,25289.9,11748.9,13549.3,4844.5
Michael Jackson,Male,United States,English,Pop,Solo,25264.4,24355.5,908.9,22915.3
Sabrina Carpenter,Female,United States,English,Pop,Solo,24888.6,22789.6,2114.3,22549.4
Frank Ocean,Male,United States,English,R&B,Solo,24807.4,20425.4,4391.5,18809.3
Die drei ???,Male,Germany,German,Spoken Word,Group,24607.0,24525.4,81.6,24410.8
JAŸ-Z,Male,United States,English,Hip-Hop,Solo,24440.1,13311.3,11139.9,2764.3
A$AP Rocky,Male,United States,English,Hip-Hop,Solo,24217.2,14721.3,9504.3,6253.7
Miley Cyrus,Female,United States,English,Pop,Solo,23907.6,20739.0,3175.7,18453.9
The Chainsmokers,Male,United States,English,EDM,Group,23845.1,22661.5,1189.8,3830.9
Marshmello,Male,United States,English,EDM,Solo,23705.9,17589.4,6122.5,1704.1
Cardi B,Female,United States,English,Hip-Hop,Solo,22494.9,10833.6,11666.6,4407.8
Twenty One Pilots,Male,United States,English,Alternative,Group,22475.8,22215.2,269.1,22142.6
Disney,Mixed,United States,English,Soundtrack,Group,22236.1,287.8,21966.6,
Arcángel,Male,United States,Spanish,Reggaeton,Solo,21937.3,8927.4,13023.3,3007.0
Red Hot Chili Peppers,Mixed,United States,English,Rock,Group,21873.8,21884.2,,21872.4
Camila Cabello,Female,Cuba,English,Pop,Solo,21546.2,12365.6,9186.0,6409.3
$uicideboy$,Male,United States,English,Hip-Hop,Group,21202.3,20357.3,851.6,16646.9
OneRepublic,Mixed,United States,English,Pop,Group,21182.2,19519.4,1669.7,17506.6
Avicii,Male,Sweden,English,EDM,Solo,21003.5,20142.3,867.4,14179.7
Diplo,Male,United States,English,EDM,Solo,20670.8,5352.4,15318.4,32.5
Snoop Dogg,Male,United States,English,Hip-Hop,Solo,20644.8,7762.0,12890.7,1744.2
Romeo Santos,Male,United States,Spanish,Bachata,Solo,20549.2,14249.8,6311.0,8225.7
50 Cent,Male,United States,English,Hip-Hop,Solo,20444.6,14112.2,6342.0,8484.4
Natanael Cano,Male,Mexico,Spanish,Regional Mexican,Solo,20300.7,13993.4,6316.3,7574.2
YoungBoy Never Broke Again,Male,United States,English,Hip-Hop,Solo,20138.1,15305.8,4841.7,13558.6
Mac Miller,Male,United States,English,Hip-Hop,Solo,20091.1,18765.5,1328.0,12865.2
DaBaby,Male,United States,English,Hip-Hop,Solo,19977.5,9365.1,10617.1,5320.2
Don Toliver,Male,United States,English,Hip-Hop,Solo,19830.5,12351.9,7494.0,8302.6
Zach Bryan,Male,United States,English,Country,Solo,19727.2,19690.8,47.3,15838.7
Kygo,Male,Norway,English,EDM,Solo,19707.8,17829.8,1883.3,250.7
Sech,Male,Panama,Spanish,Reggaeton,Solo,19528.3,7512.9,12015.4,2397.8
The Neighbourhood,Male,United States,English,Alternative,Group,19440.5,19435.6,14.3,18793.5
Quavo,Male,United States,English,Hip-Hop,Solo,19383.5,2977.3,16406.1,809.7
Henrique & Juliano,Male,Brazil,Portuguese,Sertanjeo,Group,19231.7,15881.4,3360.5,15399.4
Luke Combs,Male,United States,English,Country,Solo,19101.6,17465.4,1647.2,16648.0
Elton John,Male,United Kingdom,English,Rock,Solo,19090.4,17435.4,1662.4,12211.1
Manuel Turizo,Male,Colombia,Spanish,Latin,Solo,18912.7,8490.9,10429.4,5716.7
Trippie Redd,Male,United States,English,Hip-Hop,Solo,18889.6,11762.8,7126.8,5822.1
Tate McRae,Female,Canada,English,Pop,Solo,18707.3,16893.7,1823.3,15280.9
Lil Peep,Male,United States,English,Hip-Hop,Solo,18649.5,17855.2,801.0,9452.7
Metallica,Male,United States,English,Rock,Group,18627.0,18557.0,77.9,18283.1
Don Omar,Male,United States,Spanish,Reggaeton,Solo,18580.6,14990.8,3601.2,8321.9
USHER,Male,United States,English,R&B,Solo,18413.2,12525.4,5896.3,5222.1
Charlie Puth,Male,United States,English,Pop,Solo,18309.3,14642.3,3673.3,8613.7
Justin Timberlake,Male,United States,English,Pop,Solo,18270.8,13165.8,5114.9,8899.2
Tiësto,Male,Netherlands,English,EDM,Solo,18217.1,13653.1,4569.1,3490.5
Sean Paul,Male,Jamaica,English,Reggae,Solo,18203.3,9674.9,8539.4,4460.6
Tyga,Male,United States,English,Hip-Hop,Solo,18064.3,7403.0,10664.8,2757.4
Kali Uchis,Female,Colombia,English,R&B,Solo,18005.3,10367.0,7646.6,7259.1
Kodak Black,Male,United States,English,Hip-Hop,Solo,17738.8,11748.1,5997.1,7693.4
Jason Derulo,Male,United States,English,Pop,Solo,17720.2,13610.1,4116.2,8342.7
BLACKPINK,Female,South Korea,Korean,K-Pop,Group,17517.4,7595.2,9927.8,15415.4
JHAYCO,Male,United States,Spanish,Reggaeton,Solo,17516.1,16311.4,1210.7,2137.8
Bebe Rexha,Female,United States,English,Pop,Solo,17440.2,5933.3,11512.1,2784.0
Daft Punk,Male,France,English,EDM,Group,17316.6,10309.7,7013.9,6283.0
Luis Miguel,Male,Mexico,Spanish,Latin,Solo,17314.1,17301.5,20.0,17281.0
Demi Lovato,Female,United States,English,Pop,Solo,17119.5,11625.6,5498.6,10006.0
Akon,Male,Senegal,English,R&B,Solo,17056.0,8007.4,9059.5,4403.1
AC/DC,Male,Australia,English,Rock,Group,17010.5,17018.0,,17010.5
Sebastian Yatra,Male,Colombia,Spanish,Latin,Solo,16984.3,10969.8,6018.9,4419.3
Carín León,Male,Mexico,Spanish,Regional Mexican,Solo,16969.4,10480.8,6497.7,7429.1
Alan Walker,Male,Norway,English,EDM,Solo,16893.4,13879.3,3019.1,5321.5
A Boogie Wit da Hoodie,Male,United States,English,Hip-Hop,Solo,16877.3,11425.9,5455.1,6395.3
Fleetwood Mac,Mixed,United Kingdom,English,Rock,Group,16577.5,16577.5,0.4,16567.4
Hozier,Male,Ireland,English,Rock,Solo,16556.5,15920.4,641.8,15519.5
Ellie Goulding,Female,United Kingdom,English,Pop,Solo,16553.3,11362.1,5197.6,8685.9
Radiohead,Male,United Kingdom,English,Rock,Group,16454.9,16461.5,3.0,16382.5
Big Sean,Male,United States,English,Hip-Hop,Solo,16428.9,12009.4,4364.5,2139.0
Flo Rida,Male,United States,English,Hip-Hop,Solo,16366.1,14784.2,1492.7,4359.8
P!nk,Female,United States,English,Pop,Solo,16271.6,7125.4,9125.0,11023.0
Nirvana,Male,United States,English,Rock,Group,16228.7,16236.0,,16228.7
Pop Smoke,Male,United States,English,Hip-Hop,Solo,16217.4,14631.5,1588.4,7841.6
Britney Spears,Female,United States,English,Pop,Solo,16148.3,14108.3,2048.1,13480.8
James Arthur,Male,United Kingdom,English,Pop,Solo,16111.6,14817.7,1297.6,12881.3
Tory Lanez,Male,Canada,English,Hip-Hop,Solo,16021.1,11602.1,4424.8,8229.4
Pharrell Williams,Male,United States,English,Hip-Hop,Solo,15952.2,4000.7,11957.2,2951.3
DJ Snake,Male,France,English,EDM,Solo,15921.1,12030.1,3896.3,527.5
Daniel Caesar,Male,Canada,English,R&B,Solo,15876.2,12905.1,2982.4,7353.2
Black Eyed Peas,Mixed,United States,English,Hip-Hop,Group,15775.7,15257.4,527.7,11623.0
Swae Lee,Male,United States,English,Hip-Hop,Solo,15746.0,502.4,15243.6,142.8
Shreya Ghoshal,Female,India,Hindi,Filmi,Solo,15723.0,2035.3,13703.9,690.5
Duki,Male,Argentina,Spanish,Hip-Hop,Solo,15684.7,7885.7,7799.0,3430.6
Bizarrap,Male,Argentina,Spanish,Latin,Solo,15638.8,13216.1,2427.2,84.5
Migos,Male,United States,English,Hip-Hop,Group,15562.1,13694.0,1874.1,4814.9
The Kid LAROI,Male,Australia,English,Hip-Hop,Solo,15561.7,10487.9,5077.6,6776.1
Marília Mendonça,Female,Brazil,Portuguese,Sertanjeo,Solo,15528.2,7743.7,7783.6,7736.5
Anitta,Female,Brazil,Portuguese,Pop,Solo,15525.6,11131.7,4374.8,3212.0
Green Day,Male,United States,English,Rock,Group,15453.3,15342.6,118.3,15333.7
Lil Durk,Male,United States,English,Hip-Hop,Solo,15329.4,6848.7,8480.7,2898.8
Polo G,Male,United States,English,Hip-Hop,Solo,15252.2,13192.5,2067.1,7139.4
A.R. Rahman,Male,India,Tamil,Filmi,Solo,15240.4,10857.5,4397.5,594.9
G-Eazy,Male,United States,English,Hip-Hop,Solo,15133.0,11606.5,3518.6,1928.5
Kid Cudi,Male,United States,English,Hip-Hop,Solo,15086.8,10607.6,4483.9,5835.1
Justin Quiles,Male,United States,Spanish,Reggaeton,Solo,15041.1,4978.9,10062.1,2069.9
Bob Marley & The Wailers,Male,Jamaica,English,Reggae,Group,14992.7,14837.1,161.6,13836.0
Stray Kids,Male,South Korea,Korean,K-Pop,Group,14947.4,14819.0,136.5,13482.3
Anirudh Ravichander,Male,India,Tamil,Filmi,Solo,14897.8,12456.5,2450.0,1543.3
Ne-Yo,Male,United States,English,R&B,Solo,14888.6,8808.5,6090.2,8012.0
Gucci Mane,Male,United States,English,Hip-Hop,Solo,14880.2,7106.1,7779.1,1618.8
ROSALÍA,Female,Spain,Spanish,Pop,Solo,14558.4,10084.0,4479.1,5316.8
Charli xcx,Female,United Kingdom,English,Pop,Solo,14544.4,10175.3,4376.0,6747.8
Joji,Male,Japan,English,R&B,Solo,14512.1,13579.3,938.4,12111.7
Fall Out Boy,Male,United States,English,Rock,Group,14507.7,10717.2,3796.5,12380.2
PARTYNEXTDOOR,Male,Canada,English,R&B,Solo,14506.3,13237.2,1275.0,7177.2
Jorge & Mateus,Male,Brazil,Portuguese,Sertanjeo,Group,14404.4,11024.0,3391.4,10484.4
Offset,Male,United States,English,Hip-Hop,Solo,14402.6,13416.1,990.0,791.1
Panic! At The Disco,Male,United States,English,Rock,Group,14402.3,4417.2,9988.5,13038.0
Tame Impala,Male,Australia,English,Rock,Solo,14387.1,13232.8,1165.4,12678.8
Quevedo,Male,Spain,Spanish,Reggaeton,Solo,14345.2,7659.9,6698.1,4914.9
Morat,Male,Colombia,Spanish,Latin,Group,14293.7,11695.5,2609.0,8588.9
Zara Larsson,Female,Sweden,English,Pop,Solo,14221.3,9372.1,4858.7,7138.3
Tito Double P,Male,Mexico,Spanish,Regional Mexican,Solo,14166.6,7969.4,6215.6,3646.4
Jul,Male,France,French,Hip-Hop,Solo,14127.8,11142.3,2993.2,8903.2
2Pac,Male,United States,English,Hip-Hop,Solo,14116.7,13659.9,462.4,5423.2
Gorillaz,Male,United Kingdom,English,Alternative,Group,14104.4,14087.5,23.4,3963.9
Lewis Capaldi,Male,Scotland,English,Pop,Solo,14087.8,14091.2,,13608.5
Grupo Frontera,Male,United States,Spanish,Regional Mexican,Group,13999.3,8094.6,5914.6,2001.5
Camilo,Male,Colombia,Spanish,Pop,Solo,13994.1,8290.1,5703.9,3475.3
Lenny Tavárez,Male,United States,Spanish,Reggaeton,Solo,13994.0,944.9,13049.1,136.0
2 Chainz,Male,United States,English,Hip-Hop,Solo,13978.6,4090.4,9888.1,895.7
NF,Male,United States,English,Hip-Hop,Solo,13891.9,9309.2,4586.6,12293.1
Bryson Tiller,Male,United States,English,R&B,Solo,13890.6,13739.5,155.6,8915.5
Rels B,Male,Spain,Spanish,Hip-Hop,Solo,13734.1,11278.9,2462.0,8953.7
Roddy Ricch,Male,United States,English,Hip-Hop,Solo,13692.0,6665.0,7030.0,4971.3
Guns N' Roses,Male,United States,English,Rock,Group,13683.0,13689.3,,13682.2
Mariah Carey,Female,United States,English,Pop,Solo,13650.2,12396.8,1258.3,10348.7
Noah Kahan,Male,United States,English,Folk,Solo,13543.1,12815.1,728.0,10726.1
Megan Thee Stallion,Female,United States,English,Hip-Hop,Solo,13532.0,7853.3,5683.7,4660.7
Christian Nodal,Male,Mexico,Spanish,Regional Mexican,Solo,13503.4,9602.3,3932.5,8044.7
Brent Faiyaz,Male,United States,English,R&B,Solo,13490.4,9955.4,3540.8,8582.9
Martin Garrix,Male,Netherlands,English,EDM,Solo,13468.7,12222.3,1249.7,1202.8
Banda MS de Sergio Lizárraga,Male,Mexico,Spanish,Regional Mexican,Group,13433.6,12366.7,1072.9,11154.7
Pink Floyd,Male,United Kingdom,English,Rock,Group,13404.2,11623.7,1790.5,13400.7
mgk,Male,United States,English,Hip-Hop,Solo,13398.3,13409.8,,4665.5
Wisin & Yandel,Male,United States,Spanish,Reggaeton,Group,13323.2,8971.1,4360.5,5734.4
Dr. Dre,Male,United States,English,Hip-Hop,Solo,13320.3,8568.7,4756.2,464.4
Mora,Male,United States,Spanish,Reggaeton,Solo,13291.0,10113.7,3183.3,4068.1
Cigarettes After Sex,Mixed,United States,English,Alternative,Group,13287.0,13294.9,,13287.0
Childish Gambino,Male,United States,English,Hip-Hop,Solo,13281.8,12309.2,978.1,11171.3
Wisin,Male,United States,Spanish,Reggaeton,Solo,13273.4,4702.2,8580.5,575.4
Major Lazer,Mixed,United States,English,EDM,Group,13220.4,11619.7,1604.0,45.4
John Mayer,Male,United States,English,Pop,Solo,13208.3,12134.4,1076.8,11821.4
Miguel,Male,United States,English,R&B,Solo,13065.7,7612.4,5460.1,5541.7
Lil Nas X,Male,United States,English,Hip-Hop,Solo,13039.8,12982.3,59.7,7413.1
System Of A Down,Male,United States,English,Metal,Group,13009.4,13017.1,,12963.5
Logic,Male,United States,English,Hip-Hop,Solo,12994.4,12999.7,,5593.4
ABBA,Mixed,Sweden,English,Pop,Group,12992.2,10479.5,2516.3,12992.2
Becky G,Female,United States,Spanish,Latin,Solo,12985.2,8772.2,4216.8,2160.8
Yandel,Male,United States,Spanish,Reggaeton,Solo,12929.7,5938.5,6997.8,1490.1
Enrique Iglesias,Male,Spain,Spanish,Latin,Solo,12857.9,11010.3,1853.0,3301.0
Lil Yachty,Male,United States,English,Hip-Hop,Solo,12823.8,5535.0,7288.8,2109.2
Luis R Conriquez,Male,Mexico,Spanish,Regional Mexican,Solo,12810.9,6582.9,6236.2,1707.5
Zion & Lennox,Male,United States,Spanish,Reggaeton,Group,12799.8,5018.4,7786.4,1713.9
5 Seconds of Summer,Male,Australia,English,Rock,Group,12788.3,12025.6,766.3,11526.4
Jack Harlow,Male,United States,English,Hip-Hop,Solo,12751.0,8481.6,4272.5,5659.8
TWICE,Female,South Korea,Korean,K-Pop,Group,12716.2,2648.7,10073.4,12242.6
Ñengo Flow,Male,United States,Spanish,Reggaeton,Solo,12713.2,12596.1,124.8,1284.7
Ava Max,Female,United States,English,Pop,Solo,12700.7,8281.2,4423.1,7763.9
ZAYN,Male,United Kingdom,English,Pop,Solo,12650.8,11398.2,1255.5,5777.3
Michael Bublé,Male,Canada,English,Pop,Solo,12647.5,11934.0,715.4,10362.7
Macklemore,Male,United States,English,Hip-Hop,Solo,12593.2,6266.0,6330.7,351.5
Anne-Marie,Female,United Kingdom,English,Pop,Solo,12593.0,12542.7,29.5,3706.6
The Rolling Stones,Male,United Kingdom,English,Rock,Group,12566.2,4905.7,7658.9,12335.7
Frank Sinatra,Male,United States,English,Pop,Solo,12421.7,11999.7,421.9,9162.6
Robin Schulz,Male,Germany,German,EDM,Solo,12403.3,7261.2,5145.8,376.4
Bryant Myers,Male,United States,Spanish,Reggaeton,Solo,12394.6,4419.4,7981.5,1528.1
Gusttavo Lima,Male,Brazil,Portuguese,Sertanjeo,Solo,12324.9,10393.6,1924.7,8841.9
Eladio Carrion,Male,United States,Spanish,Hip-Hop,Solo,12209.5,8937.9,3281.7,3226.5
Grupo Firme,Male,Mexico,Spanish,Regional Mexican,Group,12151.3,8589.8,3569.6,2705.2
Amitabh Bhattacharya,Male,India,Hindi,Filmi,Solo,12136.7,8.4,12135.9,
Alicia Keys,Female,United States,English,R&B,Solo,12099.6,8350.5,3754.7,7341.3
Kesha,Female,United States,English,Pop,Solo,12094.7,7821.4,4279.1,7189.4
LAUV,Male,United States,English,Pop,Solo,11966.9,10802.2,1167.1,7423.0
Madonna,Female,United States,English,Pop,Solo,11879.6,10122.7,1768.2,8527.5
Reik,Male,Mexico,Spanish,Latin,Group,11853.7,9900.6,1953.1,5248.7
John Legend,Male,United States,English,R&B,Solo,11821.6,7454.6,4369.1,5783.2
Meghan Trainor,Female,United States,English,Pop,Solo,11817.1,9731.6,2088.0,7684.3
Lil Tecca,Male,United States,English,Hip-Hop,Solo,11783.3,10687.5,1099.4,8809.8
Lorde,Female,New Zealand,English,Pop,Solo,11721.0,11036.0,689.0,10605.6
MC Ryan SP,Male,Brazil,Portuguese,Hip-Hop,Solo,11715.1,1404.1,10305.2,7.7
Chris Stapleton,Male,United States,English,Country,Solo,11678.7,9802.2,1883.1,9721.8
French Montana,Male,Morocco,English,Hip-Hop,Solo,11640.6,6067.8,5576.2,325.2
Melanie Martinez,Female,United States,English,Pop,Solo,11632.9,11637.4,,11489.7
Elvis Presley,Male,United States,English,Rock,Solo,11588.8,11545.0,47.3,10653.5
Rick Ross,Male,United States,English,Hip-Hop,Solo,11575.2,3209.4,8365.8,747.3
Cris MJ,Male,Chile,Spanish,Reggaeton,Solo,11566.2,7224.2,4349.4,4663.0
Zedd,Male,Russia,English,EDM,Solo,11481.4,11486.5,,235.7
Paramore,Mixed,United States,English,Rock,Group,11480.4,8241.1,3243.6,11420.3
Chance the Rapper,Male,United States,English,Hip-Hop,Solo,11475.1,3956.3,7518.7,545.7
Ninho,Male,France,French,Hip-Hop,Solo,11459.5,7069.7,4399.6,5201.4
blackbear,Male,United States,English,R&B,Solo,11428.5,7562.2,3868.0,6108.9
Creedence Clearwater Revival,Male,United States,English,Rock,Group,11314.2,11274.4,44.7,11264.9
T-Pain,Male,United States,English,R&B,Solo,11238.2,4609.5,6628.7,839.9
Jung Kook,Male,South Korea,Korean,K-Pop,Solo,11232.6,9653.8,1583.7,4076.4
Skrillex,Male,United States,English,EDM,Solo,11198.8,5328.3,5873.2,961.9
DJ Khaled,Male,United States,English,Hip-Hop,Solo,11196.0,10287.7,910.9,656.6
Wizkid,Male,Nigeria,English,Afrobeats,Solo,11149.0,3260.0,7882.2,1292.0
Oasis,Male,United Kingdom,English,Rock,Group,11063.6,11073.6,,11061.4
Christina Aguilera,Female,United States,English,Pop,Solo,11060.5,6055.9,5004.6,4661.1
Slipknot,Male,United States,English,Metal,Group,11051.4,11056.2,,11051.4
Irshad Kamil,Male,India,Hindi,Filmi,Solo,11014.9,5793.9,5236.3,
Little Mix,Female,United Kingdom,English,Pop,Group,10985.7,,11024.9,6916.9
Beéle,Male,Colombia,Spanish,Reggaeton,Solo,10974.0,9511.5,1474.2,3645.8
The Notorious B.I.G.,Male,United States,English,Hip-Hop,Solo,10968.8,5006.4,5977.1,7034.7
Mitski,Female,Japan,English,Alternative,Solo,10939.4,9358.8,1614.9,10795.1
Tainy,Male,United States,Spanish,Reggaeton,Solo,10933.4,10905.7,38.0,8.1
Zé Neto & Cristiano,Male,Brazil,Portuguese,Sertanjeo,Group,10914.2,9203.4,1721.9,8573.2
Rammstein,Male,Germany,German,Metal,Group,10902.6,10910.3,,10773.4
Labrinth,Male,United Kingdom,English,Pop,Solo,10783.2,7412.3,3373.2,5819.8
Chencho Corleone,Male,United States,Spanish,Reggaeton,Solo,10776.2,10712.5,63.9,291.9
Darell,Male,United States,Spanish,Reggaeton,Solo,10772.0,595.6,10180.6,689.2
Bon Jovi,Male,United States,English,Rock,Group,10771.3,10772.2,0.6,10575.9
The Killers,Male,United States,English,Rock,Group,10767.6,1893.8,8878.2,10569.4
blink-182,Male,United States,English,Rock,Group,10760.4,10630.4,133.8,10584.7
Summer Walker,Female,United States,English,R&B,Solo,10756.4,7776.1,2980.3,3834.9
Jhené Aiko,Female,United States,English,R&B,Solo,10731.7,6224.9,4506.8,3239.2
Kehlani,Female,United States,English,R&B,Solo,10712.8,6060.2,4663.4,4257.4
Clean Bandit,Mixed,United Kingdom,English,Pop,Group,10711.2,10381.4,333.5,73.4
David Bowie,Male,United Kingdom,English,Rock,Solo,10696.6,8379.6,2317.0,8204.5
U2,Male,Ireland,English,Rock,Group,10616.1,10020.5,599.3,9771.3
Aventura,Male,United States,Spanish,Bachata,Group,10607.0,10520.3,92.7,8371.3
Foo Fighters,Male,United States,English,Rock,Group,10571.1,10570.2,4.5,10555.6
The 1975,Male,United Kingdom,English,Rock,Group,10489.6,10191.7,301.5,10165.9
Maria Becerra,Female,Argentina,Spanish,Latin,Solo,10476.9,3977.8,6499.1,2597.3
Plan B,Male,United Kingdom,English,Hip-Hop,Solo,10449.0,7062.7,3394.7,6337.8
Steve Lacy,Male,United States,English,R&B,Solo,10368.7,9179.2,1201.2,8970.6
De La Ghetto,Male,United States,Spanish,Reggaeton,Solo,10352.8,1937.7,8415.1,410.2
Troye Sivan,Male,South Africa,English,Pop,Solo,10332.8,7323.0,3009.8,6153.5
Conan Gray,Male,United States,English,Pop,Solo,10313.5,10145.1,172.0,10141.5
Ludacris,Male,United States,English,Hip-Hop,Solo,10293.0,6016.2,4284.3,745.9
Burna Boy,Male,Nigeria,English,Afrobeats,Solo,10290.6,2289.2,8003.8,4395.8
Danny Ocean,Male,Venezuela,Spanish,Latin,Solo,10234.3,8102.5,2138.3,6955.0
Meek Mill,Male,United States,English,Hip-Hop,Solo,10231.2,7551.1,2685.0,2118.4
My Chemical Romance,Male,United States,English,Rock,Group,10180.2,10185.8,,10132.8
Alessia Cara,Female,Canada,English,Pop,Solo,10179.3,6431.1,3750.4,5420.2
Vishal-Shekhar,Male,India,Hindi,Filmi,Group,10165.0,8858.9,1312.6,6.7
Paulo Londra,Male,Argentina,Spanish,Hip-Hop,Solo,10160.5,8082.0,2081.7,6415.1
La Arrolladora Banda El Limón De Rene Camacho,Male,Mexico,Spanish,Regional Mexican,Group,10147.9,10065.9,89.1,9956.8
Yeat,Male,United States,English,Hip-Hop,Solo,10141.7,9084.2,1067.9,7696.5
Matheus & Kauan,Male,Brazil,Portuguese,Sertanjeo,Group,10122.5,8138.6,1988.4,5614.2
Alok,Male,Brazil,Portuguese,EDM,Solo,10115.7,9351.5,766.2,269.8
Bring Me The Horizon,Male,United Kingdom,English,Rock,Group,10108.0,8333.7,1782.0,8006.1
Central Cee,Male,United Kingdom,English,Hip-Hop,Solo,10095.5,6587.0,3508.5,5050.9
League of Legends,Mixed,United States,English,Soundtrack,Group,10048.3,3456.4,6591.9,257.0
Mac DeMarco,Male,Canada,English,Rock,Solo,9970.2,9813.7,161.5,9795.8
Benson Boone,Male,United States,English,Pop,Solo,9949.6,9956.4,,9911.9
Dalex,Male,United States,Spanish,Reggaeton,Solo,9948.7,4105.3,5843.4,471.7
Nickelback,Male,Canada,English,Rock,Group,9933.4,9932.9,6.1,9864.7
Marc Anthony,Male,United States,Spanish,Latin,Solo,9914.5,6239.0,3689.5,5931.4
Maná,Mixed,Mexico,Spanish,Rock,Group,9914.4,9921.1,6.1,7817.7
Led Zeppelin,Male,United Kingdom,English,Rock,Group,9909.5,9912.8,,9909.5
Måneskin,Mixed,Italy,Italian,Rock,Group,9899.4,9883.0,20.1,9351.9
Florida Georgia Line,Male,United States,English,Country,Group,9869.3,6437.0,3432.3,4558.7
Luis Fonsi,Male,United States,Spanish,Latin,Solo,9862.6,4889.8,4976.4,1538.9
RAYE,Female,United Kingdom,English,Pop,Solo,9859.6,4832.5,5032.9,2441.1
Neton Vega,Male,Mexico,Spanish,Latin,Solo,9854.0,8668.1,1197.3,2611.1
Gracie Abrams,Female,United States,English,Pop,Solo,9797.8,9279.7,543.3,8953.2
Timbaland,Male,United States,English,Hip-Hop,Solo,9734.0,4314.3,5425.4,31.0
Jeremih,Male,United States,English,R&B,Solo,9713.0,5586.8,4126.1,2334.8
The Lumineers,Male,United States,English,Folk,Group,9666.1,9207.9,460.8,9168.3
Oscar Maydon,Male,Mexico,Spanish,Latin,Solo,9609.0,5573.7,4061.0,436.8
Anderson .Paak,Male,United States,English,R&B,Solo,9513.7,9454.3,63.4,1289.2
Chase Atlantic,Male,Australia,English,R&B,Group,9513.0,9329.3,185.8,8793.0
Julión Álvarez y su Norteño Banda,Male,Mexico,Spanish,Regional Mexican,Group,9503.3,2467.8,7045.9,9278.4
Prince Royce,Male,United States,Spanish,Bachata,Solo,9495.2,6483.6,3011.7,4320.4
Bastille,Male,United Kingdom,English,Alternative,Group,9439.9,4498.2,4948.6,5621.4
Sfera Ebbasta,Male,Italy,Italian,Hip-Hop,Solo,9437.3,6110.3,3331.7,2399.2
Florence + The Machine,Female,United Kingdom,English,Rock,Group,9401.0,8691.5,712.9,8081.2
YG,Male,United States,English,Hip-Hop,Solo,9362.3,4260.1,5102.2,1075.6
Alejandro Sanz,Male,Spain,Spanish,Latin,Solo,9340.1,6691.7,2658.2,5230.2
Lil Tjay,Male,United States,English,Hip-Hop,Solo,9314.8,5409.5,3905.3,1907.2
GIVĒON,Male,United States,English,R&B,Solo,9302.9,5809.3,3497.2,5699.0
Billy Joel,Male,United States,English,Rock,Solo,9290.9,9255.2,40.4,9207.2
Luke Bryan,Male,United States,English,Country,Solo,9213.5,9212.7,8.3,7646.2
Muse,Male,United Kingdom,English,Rock,Group,9212.4,7752.7,1460.8,9165.0
Jonas Blue,Male,United Kingdom,English,EDM,Solo,9206.7,7645.1,1564.1,36.4
Teddy Swims,Male,United States,English,Pop,Solo,9177.5,7949.0,1236.7,7238.3
Juanes,Male,Colombia,Spanish,Latin,Solo,9121.6,4954.8,4166.8,4039.5
Jennifer Lopez,Female,United States,English,Pop,Solo,9115.7,7543.0,1578.6,2706.2
Cartel De Santa,Male,Mexico,Spanish,Hip-Hop,Group,9107.5,8630.9,487.3,5817.4
T.I.,Male,United States,English,Hip-Hop,Solo,9084.9,4560.6,4524.3,1805.2
Gabito Ballesteros,Male,Mexico,Spanish,Regional Mexican,Solo,9076.4,3472.0,5604.3,752.1
El Alfa,Male,Dominican Republic,Spanish,Latin,Solo,9056.5,5112.2,3944.3,561.5
Alka Yagnik,Female,India,Hindi,Filmi,Solo,8988.2,2897.2,6102.8,551.1
Blessd,Male,Colombia,Spanish,Reggaeton,Solo,8965.0,6387.9,2587.4,1238.1
NATTI NATASHA,Female,Dominican Republic,Spanish,Reggaeton,Solo,8960.1,3564.0,5398.2,687.9
Bruce Springsteen,Male,United States,English,Rock,Solo,8927.6,8741.2,189.7,8713.3
Alfredo Olivas,Male,Mexico,Spanish,Regional Mexican,Solo,8916.0,8080.0,844.9,7975.8
Jonas Brothers,Male,United States,English,Pop,Group,8909.9,6844.4,2067.7,6517.9
Hans Zimmer,Male,Germany,German,Soundtrack,Solo,8906.9,8155.5,751.4,5041.5
Julia Michaels,Female,United States,English,Pop,Solo,8899.6,4219.1,4681.7,2876.3
Deftones,Male,United States,English,Metal,Group,8848.3,8855.1,,8823.4
Clairo,Female,United States,English,Pop,Solo,8831.0,6995.1,1840.3,6603.2
Whitney Houston,Female,United States,English,R&B,Solo,8828.8,7564.4,1267.8,6762.6
Tove Lo,Female,Sweden,English,Pop,Solo,8809.4,5689.4,3122.8,4223.1
DJ Luian,Male,United States,Spanish,Reggaeton,Solo,8801.6,1220.6,7581.0,
Amy Winehouse,Female,United Kingdom,English,Soul,Solo,8780.4,8238.2,547.7,7557.9
TV Girl,Male,United States,English,Pop,Group,8779.9,7850.9,932.8,8155.1
Tanishk Bagchi,Male,India,Hindi,Filmi,Solo,8733.0,2987.7,5745.3,6.8
Dave,Male,United Kingdom,English,Hip-Hop,Solo,8715.2,7648.8,1071.6,2526.7
Avril Lavigne,Female,Canada,English,Pop,Solo,8706.4,8477.3,233.0,8083.8
Lost Frequencies,Male,Belgium,English,EDM,Solo,8699.2,8316.2,386.2,1923.6
Kings of Leon,Male,United States,English,Rock,Group,8647.8,8598.1,54.0,8555.2
Joan Sebastian,Male,Mexico,Spanish,Regional Mexican,Solo,8622.1,8534.0,98.1,7271.0
Alejandro Fernández,Male,Mexico,Spanish,Latin,Solo,8617.1,7717.5,899.6,6368.3
Glass Animals,Male,United Kingdom,English,Alternative,Group,8591.1,8578.7,15.4,7995.8
Sachin-Jigar,Male,India,Hindi,Filmi,Group,8584.2,6741.1,1843.2,20.0
Fetty Wap,Male,United States,English,Hip-Hop,Solo,8564.5,5566.1,3001.4,3239.0
NAV,Male,Canada,English,Hip-Hop,Solo,8564.4,5619.6,2944.9,1852.6
Jack Johnson,Male,United States,English,Rock,Solo,8551.4,8199.3,355.0,7907.6
SEVENTEEN,Mixed,South Korea,Korean,K-Pop,Group,8531.3,8465.7,70.0,8284.9
The Script,Male,Ireland,English,Rock,Group,8509.5,8483.9,29.2,6435.4
TINI,Female,Argentina,Spanish,Pop,Solo,8507.9,5811.9,2696.0,1929.8
Backstreet Boys,Mixed,United States,English,Pop,Group,8485.9,8144.0,346.0,8125.7
Jimin,Male,South Korea,Korean,K-Pop,Solo,8472.9,7819.3,656.6,6967.6
Mambo Kingz,Male,United States,Spanish,Reggaeton,Group,8457.4,369.6,8087.7,1.3
NLE Choppa,Male,United States,English,Hip-Hop,Solo,8453.7,6568.5,1885.2,4039.2
GIMS,Male,DR Congo,French,Hip-Hop,Solo,8439.5,6942.6,1509.4,3538.8
Calibre 50,Male,Mexico,Spanish,Regional Mexican,Group,8433.8,7838.5,603.3,7244.3
Chappell Roan,Female,United States,English,Pop,Solo,8382.9,8387.8,,8380.3
Stevie Wonder,Male,United States,English,Soul,Solo,8371.5,7723.5,648.0,7485.7
Juicy J,Male,United States,English,Hip-Hop,Solo,8370.9,1884.2,6486.7,175.8
Mark Ronson,Male,United Kingdom,English,Pop,Solo,8366.3,6159.1,2210.1,10.3
Kelly Clarkson,Female,United States,English,Pop,Solo,8339.3,7864.3,477.4,7297.4
The Offspring,Male,United States,English,Rock,Group,8330.4,8328.6,5.6,8188.5
Bonez MC,Male,Germany,German,Hip-Hop,Solo,8326.7,4696.4,3630.4,1125.8
Bibi Blocksberg,Female,Germany,German,Children's Music,Solo,8316.5,8317.8,,8289.0
Milo j,Male,Argentina,Spanish,Hip-Hop,Solo,8309.1,5592.0,2724.4,3545.8
Jay Wheeler,Male,United States,Spanish,Reggaeton,Solo,8282.3,6707.0,1607.4,999.5
felix jaehn,Male,Germany,English,EDM,Solo,8278.7,4898.7,3389.6,53.5
Niall Horan,Male,Ireland,English,Pop,Solo,8263.0,3585.1,4693.6,6241.0
6ix9ine,Male,United States,English,Hip-Hop,Solo,8240.2,6845.4,1394.8,2320.7
Nate Dogg,Male,United States,English,Hip-Hop,Solo,8235.9,1236.7,6999.2,228.2
Noriel,Male,United States,Spanish,Reggaeton,Solo,8216.5,760.9,7455.6,196.8
Vicente Fernández,Male,Mexico,Spanish,Regional Mexican,Solo,8205.4,8009.0,204.5,7878.1
Three Days Grace,Male,Canada,English,Rock,Group,8203.0,7983.1,224.9,7947.8
Aerosmith,Mixed,United States,English,Rock,Group,8200.1,7224.1,979.3,7171.3
Bee Gees,Male,United Kingdom,English,Pop,Group,8197.2,8080.4,120.7,7892.6
Udit Narayan,Male,Nepal,Hindi,Filmi,Solo,8186.9,3408.5,4789.5,515.9
Piso 21,Male,Colombia,Spanish,Latin,Group,8164.9,7391.5,775.8,1621.1
Rod Wave,Male,United States,English,Hip-Hop,Solo,8148.0,7808.0,340.0,6616.8
Vance Joy,Male,Australia,English,Folk,Solo,8092.2,7918.7,176.9,7804.3
Bon Iver,Male,United States,English,Folk,Solo,8065.4,7161.8,905.7,4817.0
Eslabon Armado,Male,United States,Spanish,Regional Mexican,Group,8063.4,5540.4,2525.0,3610.3
JENNIE,Female,South Korea,Korean,K-Pop,Solo,8056.8,4415.6,3648.3,3447.0
Russ,Male,United States,English,Hip-Hop,Solo,8043.6,7678.7,364.9,6527.6
Rae Sremmurd,Male,United States,English,Hip-Hop,Group,8030.3,7270.4,754.2,4098.4
Jess Glynne,Female,United Kingdom,English,Pop,Solo,8019.9,3097.3,4922.6,2755.3
The Smiths,Male,United Kingdom,English,Rock,Group,8014.7,8019.1,,8014.7
Eagles,Male,United States,English,Rock,Group,7987.3,7990.9,,7987.3
The Police,Male,United Kingdom,English,Rock,Group,7976.6,7980.4,0.6,7960.2
Phil Collins,Male,United Kingdom,English,Pop,Solo,7940.4,7942.6,,7116.9
The Strokes,Male,United States,English,Rock,Group,7934.8,4641.5,3299.4,7901.6
Atif Aslam,Male,Pakistan,Urdu,Pop,Solo,7934.5,2022.8,5906.0,723.0
Ovy On The Drums,Male,Colombia,Spanish,Reggaeton,Solo,7921.6,7400.3,508.4,7.5
Olivia Dean,Female,United Kingdom,English,Soul,Solo,7892.9,7895.6,,7164.5
Dire Straits,Male,United Kingdom,English,Rock,Group,7891.3,7595.8,298.7,7890.8
NewJeans,Female,South Korea,Korean,K-Pop,Group,7886.9,7880.6,5.3,7566.0
Avenged Sevenfold,Male,United States,English,Metal,Group,7871.9,7152.0,706.6,7858.1
Ricardo Arjona,Male,Guatemala,Spanish,Latin,Solo,7852.2,7854.4,4.0,7062.0
Los Ángeles Azules,Mixed,Mexico,Spanish,Latin,Group,7838.9,7528.0,310.9,2829.8
Rex Orange County,Male,United Kingdom,English,Pop,Solo,7824.1,6895.6,928.5,6188.5
ScHoolboy Q,Male,United States,English,Hip-Hop,Solo,7817.3,4590.4,3227.0,1655.2
6LACK,Male,United States,English,R&B,Solo,7810.5,3575.2,4235.2,2342.1
Disclosure,Male,United Kingdom,English,EDM,Group,7787.8,5988.8,1801.6,801.0
Brytiago,Male,United States,Spanish,Reggaeton,Solo,7785.3,2720.2,5065.1,69.3
Alesso,Male,Sweden,English,EDM,Solo,7765.7,4434.2,3331.5,781.1
RAF Camora,Male,Austria,German,Hip-Hop,Solo,7738.2,3470.6,4267.7,1580.4
Nelly,Male,United States,English,Hip-Hop,Solo,7729.6,6445.6,1287.7,2355.3
Mumford & Sons,Male,United Kingdom,English,Rock,Group,7713.9,7713.9,,7200.6
Kumaar,Male,India,Hindi,Pop,Solo,7689.5,107.1,7598.6,
Pearl Jam,Male,United States,English,Rock,Group,7673.1,7673.1,,7659.2
Zion,Male,United States,Spanish,Reggaeton,Solo,7661.6,1713.9,5947.7,560.9
Ryan Castro,Male,Colombia,Spanish,Reggaeton,Solo,7645.2,4203.6,3448.5,1809.6
Nelly Furtado,Female,Canada,English,Pop,Solo,7628.1,6657.6,974.8,3569.0
Wesley Safadão,Male,Brazil,Portuguese,Latin,Solo,7618.8,5257.8,2361.0,2908.3
Disturbed,Male,United States,English,Metal,Group,7612.3,7614.9,,6849.1
H.E.R.,Female,United States,English,R&B,Solo,7608.2,3801.5,3806.7,2191.8
Rita Ora,Female,United Kingdom,English,Pop,Solo,7596.7,3575.7,4021.0,2786.1
Kevin Gates,Male,United States,English,Hip-Hop,Solo,7589.1,6273.4,1315.7,5418.2
beabadoobee,Female,Philippines,English,Rock,Solo,7552.8,5418.1,2144.1,4710.0
Karan Aujla,Male,India,Punjabi,Hip-Hop,Solo,7550.3,6212.4,1334.7,1537.2
Céline Dion,Female,Canada,French,Pop,Solo,7543.1,7093.1,450.0,6268.7
Bryan Adams,Male,Canada,English,Rock,Solo,7503.2,5958.2,1568.1,6592.7
ENHYPEN,Male,South Korea,Korean,K-Pop,Group,7486.2,7178.8,328.1,7290.2
Dominic Fike,Male,United States,English,Alternative,Solo,7485.1,6757.7,735.7,6205.8
Ana Castela,Female,Brazil,Portuguese,Sertanjeo,Solo,7467.3,7464.6,26.0,1330.8
LANY,Male,United States,English,Pop,Group,7453.2,2524.9,4942.4,6424.3
Johnny Cash,Male,United States,English,Country,Solo,7450.6,6491.8,961.4,5866.4
B.o.B,Male,United States,English,Hip-Hop,Solo,7431.9,6391.9,1058.7,528.2
Jason Aldean,Male,United States,English,Country,Solo,7423.5,7117.2,319.9,6510.5
Luan Santana,Male,Brazil,Portuguese,Sertanjeo,Solo,7416.8,4668.1,2767.0,4913.6
KHEA,Male,Argentina,Spanish,Hip-Hop,Solo,7405.6,6405.3,1014.5,639.2
Maiara & Maraisa,Female,Brazil,Portuguese,Sertanjeo,Group,7388.4,3471.7,3933.9,2317.8
Mc IG,Male,Brazil,Portuguese,Latin,Solo,7387.8,2807.5,4581.0,359.7
Tiago PZK,Male,Argentina,Spanish,Hip-Hop,Solo,7377.9,4274.5,3113.3,716.5
Tom Odell,Male,United Kingdom,English,Pop,Solo,7352.6,3894.0,3483.8,6069.3
Macklemore & Ryan Lewis,Mixed,United States,English,Hip-Hop,Group,7347.9,6711.8,643.7,114.9
Thomas Rhett,Male,United States,English,Country,Solo,7337.5,3928.0,3422.3,5340.9
MØ,Female,Denmark,English,Pop,Solo,7335.2,6735.6,602.0,1341.8
Five Finger Death Punch,Male,United States,English,Metal,Group,7326.6,1671.1,5664.1,6816.6
Kane Brown,Male,United States,English,Country,Solo,7313.2,7318.3,8.3,2901.6
Laufey,Female,Iceland,English,Pop,Solo,7286.8,4703.7,2609.5,6083.2
Grupo Menos É Mais,Male,Brazil,Portuguese,Latin,Group,7277.6,6836.9,455.9,3003.0
Nicki Nicole,Female,Argentina,Spanish,Latin,Solo,7256.2,2470.4,4785.8,976.1
Moneybagg Yo,Male,United States,English,Hip-Hop,Solo,7252.1,4583.7,2668.4,2499.0
Magenta,Female,Italy,Italian,Pop,Solo,7239.7,,7239.7,
Ryan Lewis,Male,United States,English,Hip-Hop,Solo,7237.6,,7237.6,
Morad,Male,Spain,Spanish,Hip-Hop,Solo,7209.6,3303.8,3905.7,2183.8
Calum Scott,Male,United Kingdom,English,Pop,Solo,7192.6,4689.2,2505.3,3982.2
TOMORROW X TOGETHER,Male,South Korea,Korean,K-Pop,Group,7182.1,6877.5,304.7,6118.4
Grupo Marca Registrada,Male,Mexico,Spanish,Regional Mexican,Group,7123.4,5595.9,1527.5,3002.0
benny blanco,Male,United States,English,Pop,Solo,7114.1,4400.3,2716.0,3.9
JID,Male,United States,English,Hip-Hop,Solo,7073.7,2882.3,4191.4,1158.3
YNW Melly,Male,United States,English,Hip-Hop,Solo,7061.3,7067.3,,4346.8
Juan Gabriel,Male,Mexico,Spanish,Latin,Solo,7059.2,6505.8,557.1,5676.3
Los Temerarios,Male,Mexico,Spanish,Latin,Group,7059.2,6607.2,446.9,7059.2
Jason Mraz,Male,United States,English,Pop,Solo,7048.5,6851.4,199.1,5805.0
The Cure,Male,United Kingdom,English,Rock,Group,7034.1,7035.0,3.3,6940.1
The Marías,Mixed,United States,English,Pop,Group,7029.1,5774.4,1261.4,5705.9
Limp Bizkit,Male,United States,English,Nu Metal,Group,7018.9,7018.4,5.4,6806.0
Korn,Male,United States,English,Metal,Group,6976.4,4188.4,2798.5,6414.9
Omar Courtz,Male,United States,Spanish,Reggaeton,Solo,6972.0,6956.0,20.3,1876.2